,PdfSize,MetadataSize,Pages,XrefLength,TitleCharacters,isEncrypted,EmbeddedFiles,Images,Text,Header,Obj,Endobj,Stream,Endstream,Xref,Trailer,StartXref,PageNo,Encrypt,ObjStm,JS,Javascript,AA,OpenAction,Acroform,JBIG2Decode,RichMedia,Launch,EmbeddedFile,XFA,Colors,Class
count,7764.0,7764.0,7764.0,7764.0,7764.0,8018.0,7764.0,7322.0,7753,7996,7381.0,7582.0,7577.0,7577.0,7577.0,7577.0,7577.0,7577.0,7577.0,7577.0,7577.0,7566.0,7566.0,7566.0,7566.0,7566.0,7566.0,7566.0,7566.0,7566.0,7560.0,8018
unique,,,,,,,,,3,46,,,,,,,,,,,,,,,,,,,,,,2
top,,,,,,,,,No,	%PDF-1.3,,,,,,,,,,,,,,,,,,,,,,Malicious
freq,,,,,,,,,4323,1881,,,,,,,,,,,,,,,,,,,,,,4441
mean,91.46,342.31,3.55,2850.83,47.5,0.01,0.02,2.47,,,53.26,51.79,18.48,18.46,1.21,1.32,1.51,3.55,0.01,1.62,0.79,1.02,0.33,0.34,0.41,0.05,0.01,0.01,0.58,0.06,2.37,
std,469.05,1466.4,11.04,18368.35,1200.06,0.09,0.19,16.32,,,142.44,140.81,36.52,36.52,1.21,1.19,1.14,9.21,0.12,4.89,5.37,5.42,5.73,0.49,0.67,0.56,0.12,0.12,2.12,0.25,66.46,
min,0.0,5.0,0.0,0.0,0.0,0.0,0.0,0.0,,,0.0,0.0,0.0,0.0,0.0,0.0,0.0,0.0,0.0,0.0,0.0,0.0,0.0,0.0,0.0,0.0,0.0,0.0,0.0,0.0,0.0,
25%,10.0,180.0,1.0,12.0,0.0,0.0,0.0,0.0,,,9.0,9.0,2.0,2.0,1.0,1.0,1.0,1.0,0.0,0.0,0.0,0.0,0.0,0.0,0.0,0.0,0.0,0.0,0.0,0.0,0.0,
50%,39.0,267.0,1.0,22.0,0.0,0.0,0.0,0.0,,,19.0,19.0,5.0,5.0,1.0,1.0,1.0,1.0,0.0,0.0,0.0,0.0,0.0,0.0,0.0,0.0,0.0,0.0,0.0,0.0,0.0,
75%,81.0,325.0,2.0,81.0,14.0,0.0,0.0,1.0,,,52.0,51.0,20.0,20.0,2.0,2.0,2.0,3.0,0.0,0.0,1.0,1.0,0.0,1.0,1.0,0.0,0.0,0.0,0.0,0.0,0.0,
max,23816.0,50283.0,595.0,263987.0,50092.0,1.0,5.0,898.0,,,7076.0,7076.0,812.0,812.0,46.0,46.0,39.0,200.0,2.0,68.0,404.0,404.0,213.0,4.0,6.0,14.0,4.0,2.0,17.0,5.0,5682.0,
